FID,id,name,name_category,category,wkb_geometry,long,lat
stednavn_punkt.fid-361ad8c1_150a94a2aab_-849,0,Københavns Stadsarkiv,14160,Arkiver,POINT (12.569577674965068 55.67562753235746),12.56957767,55.67562753
stednavn_punkt.fid-361ad8c1_150a94a2aab_-848,0,Østerbro Bibliotek,18145,Bibliotek,POINT (12.581745359843794 55.69457326676311),12.58174536,55.69457327
stednavn_punkt.fid-361ad8c1_150a94a2aab_-847,1,Valby Bibliotek,18145,Bibliotek,POINT (12.5131070384209 55.6653427353054),12.51310704,55.66534274
stednavn_punkt.fid-361ad8c1_150a94a2aab_-846,2,Ørestad Bibliotek,18145,Bibliotek,POINT (12.580964243346905 55.63128647629463),12.58096424,55.63128648
stednavn_punkt.fid-361ad8c1_150a94a2aab_-845,3,Blågårdens Bibliotek,18145,Bibliotek,POINT (12.556770109039634 55.68609122692412),12.55677011,55.68609123
stednavn_punkt.fid-361ad8c1_150a94a2aab_-844,4,Nørrebro Bibliotek,18145,Bibliotek,POINT (12.543641614525315 55.6990123375313),12.54364161,55.69901234
stednavn_punkt.fid-361ad8c1_150a94a2aab_-843,5,Øbro Jagtvej Bibliotek,18145,Bibliotek,POINT (12.576494590600904 55.70916603955145),12.57649459,55.70916604
stednavn_punkt.fid-361ad8c1_150a94a2aab_-842,6,Husum Bibliotek,18145,Bibliotek,POINT (12.477235738923248 55.71075510821146),12.47723574,55.71075511
stednavn_punkt.fid-361ad8c1_150a94a2aab_-841,7,Brønshøj Bibliotek,18145,Bibliotek,POINT (12.499257114847524 55.704311905770986),12.49925711,55.70431191
stednavn_punkt.fid-361ad8c1_150a94a2aab_-840,8,Christianshavns Bibliotek,18145,Bibliotek,POINT (12.59212091966293 55.67232124045602),12.59212092,55.67232124
stednavn_punkt.fid-361ad8c1_150a94a2aab_-83f,9,Islands Brygge Bibliotek,18145,Bibliotek,POINT (12.57937591294882 55.666467503403034),12.57937591,55.6664675
stednavn_punkt.fid-361ad8c1_150a94a2aab_-83e,10,Sundby Bibliotek,18145,Bibliotek,POINT (12.603936487981368 55.665203677828174),12.60393649,55.66520368
stednavn_punkt.fid-361ad8c1_150a94a2aab_-83d,11,Kulturstationen Vanløse,18145,Bibliotek,POINT (12.49130887528394 55.68652214248285),12.49130888,55.68652214
stednavn_punkt.fid-361ad8c1_150a94a2aab_-83c,12,Vigerslev Bibliotek,18145,Bibliotek,POINT (12.503313355608507 55.6492308208943),12.50331336,55.64923082
stednavn_punkt.fid-361ad8c1_150a94a2aab_-83b,13,Hovedbiblioteket,18145,Bibliotek,POINT (12.573653234093157 55.68087610562476),12.57365323,55.68087611
stednavn_punkt.fid-361ad8c1_150a94a2aab_-83a,14,Kulturanstalten - Vesterbro Bibliotek,18145,Bibliotek,POINT (12.543715195841289 55.66782679418936),12.5437152,55.66782679
stednavn_punkt.fid-361ad8c1_150a94a2aab_-839,15,Solvang Bibliotek,18145,Bibliotek,POINT (12.595484064660932 55.64872227604868),12.59548406,55.64872228
stednavn_punkt.fid-361ad8c1_150a94a2aab_-838,16,BIBLIOTEKET Rentemestervej,18145,Bibliotek,POINT (12.522916217324196 55.70841203177259),12.52291622,55.70841203
stednavn_punkt.fid-361ad8c1_150a94a2aab_-837,17,Bibliotekshuset,18145,Bibliotek,POINT (12.613150562287347 55.65034949033002),12.61315056,55.65034949
stednavn_punkt.fid-361ad8c1_150a94a2aab_-836,18,Tingbjerg Bibliotek,18145,Bibliotek,POINT (12.48119514014686 55.7188555933771),12.48119514,55.71885559
stednavn_punkt.fid-361ad8c1_150a94a2aab_-835,19,Sydhavnens Bibliotek,18145,Bibliotek,POINT (12.529663800582032 55.646928020969895),12.5296638,55.64692802
stednavn_punkt.fid-361ad8c1_150a94a2aab_-834,0,Hal C,17249,Idrætshaller,POINT (12.602137159337724 55.67606473553194),12.60213716,55.67606474
stednavn_punkt.fid-361ad8c1_150a94a2aab_-833,1,Bellahøj Hallerne,17249,Idrætshaller,POINT (12.514314521646787 55.7060411301821),12.51431452,55.70604113
stednavn_punkt.fid-361ad8c1_150a94a2aab_-832,2,Remisen,17249,Idrætshaller,POINT (12.576790073078762 55.69868442846709),12.57679007,55.69868443
stednavn_punkt.fid-361ad8c1_150a94a2aab_-831,3,Nørrebrohallen,17249,Idrætshaller,POINT (12.5434838663867 55.699427544279864),12.54348387,55.69942754
stednavn_punkt.fid-361ad8c1_150a94a2aab_-830,4,Engdraget,17249,Idrætshaller,POINT (12.48125556315582 55.67231413747788),12.48125556,55.67231414
stednavn_punkt.fid-361ad8c1_150a94a2aab_-82f,5,Bavnehøj Idrætsanlæg,17249,Idrætshaller,POINT (12.538605691553606 55.659685661799294),12.53860569,55.65968566
stednavn_punkt.fid-361ad8c1_150a94a2aab_-82e,6,Copenhagen Skatepark,17249,Idrætshaller,POINT (12.540914655778298 55.66203272023012),12.54091466,55.66203272
stednavn_punkt.fid-361ad8c1_150a94a2aab_-82d,7,Sundby Idrætspark,17249,Idrætshaller,POINT (12.599955549189753 55.6502299787168),12.59995555,55.65022998
stednavn_punkt.fid-361ad8c1_150a94a2aab_-82c,8,Grøndal MultiCenter,17249,Idrætshaller,POINT (12.515352420377448 55.69983427823777),12.51535242,55.69983428
stednavn_punkt.fid-361ad8c1_150a94a2aab_-82b,9,Husum Idrætspark - Gadelandet,17249,Idrætshaller,POINT (12.48329451925535 55.71107398289949),12.48329452,55.71107398
stednavn_punkt.fid-361ad8c1_150a94a2aab_-82a,10,Genforeningspladsens Idrætsanlæg,17249,Idrætshaller,POINT (12.518410458454664 55.69997705233909),12.51841046,55.69997705
stednavn_punkt.fid-361ad8c1_150a94a2aab_-829,11,Østerbro Stadion og Idrætshuset,17249,Idrætshaller,POINT (12.574848907878387 55.70476658967722),12.57484891,55.70476659
stednavn_punkt.fid-361ad8c1_150a94a2aab_-828,12,Prismen (Amager),17249,Idrætshaller,POINT (12.610874447037068 55.66669863807009),12.61087445,55.66669864
stednavn_punkt.fid-361ad8c1_150a94a2aab_-827,13,Emdrupparkens Idrætsanlæg,17249,Idrætshaller,POINT (12.533731221005159 55.72574269628036),12.53373122,55.7257427
stednavn_punkt.fid-361ad8c1_150a94a2aab_-826,14,Valby Idrætspark,17249,Idrætshaller,POINT (12.51374484498654 55.64979875451196),12.51374484,55.64979875
stednavn_punkt.fid-361ad8c1_150a94a2aab_-825,15,Valby-Hallen,17249,Idrætshaller,POINT (12.51650970036497 55.649381381010166),12.5165097,55.64938138
stednavn_punkt.fid-361ad8c1_150a94a2aab_-824,16,Vanløse Idrætspark,17249,Idrætshaller,POINT (12.476963324938017 55.68638759776497),12.47696332,55.6863876
stednavn_punkt.fid-361ad8c1_150a94a2aab_-823,17,Kløvermarkens Idrætsanlæg,17249,Idrætshaller,POINT (12.608327489532773 55.672271291367274),12.60832749,55.67227129
stednavn_punkt.fid-361ad8c1_150a94a2aab_-822,18,Korsgadehallen,17249,Idrætshaller,POINT (12.55565742648022 55.685735950364375),12.55565743,55.68573595
stednavn_punkt.fid-361ad8c1_150a94a2aab_-821,19,Ryparkens Idrætsanlæg Team Nord- øst,17249,Idrætshaller,POINT (12.558257344618475 55.71730895094678),12.55825734,55.71730895
stednavn_punkt.fid-361ad8c1_150a94a2aab_-820,20,Vanløsehallerne,17249,Idrætshaller,POINT (12.481191036046816 55.68582132896283),12.48119104,55.68582133
stednavn_punkt.fid-361ad8c1_150a94a2aab_-81f,21,Tingbjerg Idrætspark,17249,Idrætshaller,POINT (12.492325606606434 55.71881819886828),12.49232561,55.7188182
stednavn_punkt.fid-361ad8c1_150a94a2aab_-81e,22,Hillerødgade Bad og Hal,17249,Idrætshaller,POINT (12.539571021489653 55.696709769988864),12.53957102,55.69670977
stednavn_punkt.fid-361ad8c1_150a94a2aab_-81d,23,Østre Skøjtehal,17249,Idrætshaller,POINT (12.58305905662809 55.71163343733185),12.58305906,55.71163344
stednavn_punkt.fid-361ad8c1_150a94a2aab_-81c,24,Sundbyøster Idrætsanlæg,17249,Idrætshaller,POINT (12.613257875139738 55.65217223390593),12.61325788,55.65217223
stednavn_punkt.fid-361ad8c1_150a94a2aab_-81b,25,Skøjtebanen på Toftegårds Plads,17249,Idrætshaller,POINT (12.51855171695037 55.661435388507954),12.51855172,55.66143539
stednavn_punkt.fid-361ad8c1_150a94a2aab_-81a,26,Motorbanen,17249,Idrætshaller,POINT (12.563109476970908 55.642136175639486),12.56310948,55.64213618
stednavn_punkt.fid-361ad8c1_150a94a2aab_-819,27,Vigerslevparken,17249,Idrætshaller,POINT (12.500616875541464 55.64301394486279),12.50061688,55.64301394
stednavn_punkt.fid-361ad8c1_150a94a2aab_-818,28,Gl. Køge Landevej,17249,Idrætshaller,POINT (12.50419474436913 55.65297974873978),12.50419474,55.65297975
stednavn_punkt.fid-361ad8c1_150a94a2aab_-817,29,Fælledklubhuset,17249,Idrætshaller,POINT (12.563813205728543 55.70594642376108),12.56381321,55.70594642
stednavn_punkt.fid-361ad8c1_150a94a2aab_-816,30,Svanemøllehallen,17249,Idrætshaller,POINT (12.578719482195991 55.71422673580446),12.57871948,55.71422674
stednavn_punkt.fid-361ad8c1_150a94a2aab_-815,31,Østerbrohuset,17249,Idrætshaller,POINT (12.587911329581212 55.70749322486865),12.58791133,55.70749322
stednavn_punkt.fid-361ad8c1_150a94a2aab_-814,0,Kulturhuset Indre By,18147,"Medborger-, Kulturhus",POINT (12.563648387169117 55.68361060197746),12.56364839,55.6836106
stednavn_punkt.fid-361ad8c1_150a94a2aab_-813,1,Karens Hus,18147,"Medborger-, Kulturhus",POINT (12.540234495419215 55.71087054231686),12.5402345,55.71087054
stednavn_punkt.fid-361ad8c1_150a94a2aab_-812,2,Dansekapellet,18147,"Medborger-, Kulturhus",POINT (12.5301666118678 55.71624182668981),12.53016661,55.71624183
stednavn_punkt.fid-361ad8c1_150a94a2aab_-811,3,Blågården - Støberiet,18147,"Medborger-, Kulturhus",POINT (12.556770109039634 55.68609122692412),12.55677011,55.68609123
stednavn_punkt.fid-361ad8c1_150a94a2aab_-810,4,Rytterskolen,18147,"Medborger-, Kulturhus",POINT (12.49797241530816 55.70389177835532),12.49797242,55.70389178
stednavn_punkt.fid-361ad8c1_150a94a2aab_-80f,5,Kulturhuset Pilegården,18147,"Medborger-, Kulturhus",POINT (12.498025892355757 55.701865277416005),12.49802589,55.70186528
stednavn_punkt.fid-361ad8c1_150a94a2aab_-80e,6,Kulturhuset Islands Brygge,18147,"Medborger-, Kulturhus",POINT (12.576278352730036 55.666836827032874),12.57627835,55.66683683
stednavn_punkt.fid-361ad8c1_150a94a2aab_-80d,7,Kulturstationen Vanløse,18147,"Medborger-, Kulturhus",POINT (12.491065844939982 55.68706828063159),12.49106584,55.68706828
stednavn_punkt.fid-361ad8c1_150a94a2aab_-80c,8,Christianshavns Beboerhus,18147,"Medborger-, Kulturhus",POINT (12.590967441124645 55.67124804182475),12.59096744,55.67124804
stednavn_punkt.fid-361ad8c1_150a94a2aab_-80b,9,VerdensKulturCentret,18147,"Medborger-, Kulturhus",POINT (12.560564378798679 55.69153162939831),12.56056438,55.69153163
stednavn_punkt.fid-361ad8c1_150a94a2aab_-80a,10,Kvarterhuset,18147,"Medborger-, Kulturhus",POINT (12.603936487981368 55.665203677828174),12.60393649,55.66520368
stednavn_punkt.fid-361ad8c1_150a94a2aab_-809,11,Blågården - Kulturhuset Kapelvej,18147,"Medborger-, Kulturhus",POINT (12.551302695460212 55.686545865333855),12.5513027,55.68654587
stednavn_punkt.fid-361ad8c1_150a94a2aab_-808,12,Lygten Station,18147,"Medborger-, Kulturhus",POINT (12.53757315176873 55.70163620496969),12.53757315,55.7016362
stednavn_punkt.fid-361ad8c1_150a94a2aab_-807,13,Kulturanstalten - Lyrskovgade,18147,"Medborger-, Kulturhus",POINT (12.543715195841289 55.66782679418936),12.5437152,55.66782679
stednavn_punkt.fid-361ad8c1_150a94a2aab_-806,14,Huset-KBH,18147,"Medborger-, Kulturhus",POINT (12.575391045771307 55.67641847717647),12.57539105,55.67641848
stednavn_punkt.fid-361ad8c1_150a94a2aab_-805,15,Kultur Valby - Prøvehallen,18147,"Medborger-, Kulturhus",POINT (12.509886321875806 55.66460371015051),12.50988632,55.66460371
stednavn_punkt.fid-361ad8c1_150a94a2aab_-804,16,BIBLIOTEKET Rentemestervej,18147,"Medborger-, Kulturhus",POINT (12.522916217324196 55.70841203177259),12.52291622,55.70841203
stednavn_punkt.fid-361ad8c1_150a94a2aab_-803,17,Krudttønden,18147,"Medborger-, Kulturhus",POINT (12.57499653174796 55.705233546065834),12.57499653,55.70523355
stednavn_punkt.fid-361ad8c1_150a94a2aab_-802,18,Kulturanstalten - Onkel Dannys Plads,18147,"Medborger-, Kulturhus",POINT (12.561006414426359 55.66999390796001),12.56100641,55.66999391
stednavn_punkt.fid-361ad8c1_150a94a2aab_-801,19,Kulturhuset Bispebjerg,18147,"Medborger-, Kulturhus",POINT (12.525315488458677 55.709058207547805),12.52531549,55.70905821
stednavn_punkt.fid-361ad8c1_150a94a2aab_-800,20,Kulturhuset Tomsgårdsvej,18147,"Medborger-, Kulturhus",POINT (12.525315488458677 55.709058207547805),12.52531549,55.70905821
stednavn_punkt.fid-361ad8c1_150a94a2aab_-7ff,21,Børnekulturhuset Sokkelundlille,18147,"Medborger-, Kulturhus",POINT (12.516649678839181 55.70992860814933),12.51664968,55.70992861
stednavn_punkt.fid-361ad8c1_150a94a2aab_-7fe,22,Kraftwerket,18147,"Medborger-, Kulturhus",POINT (12.51855171695037 55.661435388507954),12.51855172,55.66143539
stednavn_punkt.fid-361ad8c1_150a94a2aab_-7fd,23,Kultur Valby - Valby Kulturhus,18147,"Medborger-, Kulturhus",POINT (12.518431031015561 55.660966522877196),12.51843103,55.66096652
stednavn_punkt.fid-361ad8c1_150a94a2aab_-7fc,24,2200 Kultur - Osramhuset,18147,"Medborger-, Kulturhus",POINT (12.549520843419455 55.70296754452305),12.54952084,55.70296754
stednavn_punkt.fid-361ad8c1_150a94a2aab_-7fb,25,Karens Minde Kulturhus,18147,"Medborger-, Kulturhus",POINT (12.529663800582032 55.646928020969895),12.5296638,55.64692802
stednavn_punkt.fid-361ad8c1_150a94a2aab_-7fa,26,Amager Kulturpunkt,18147,"Medborger-, Kulturhus",POINT (12.609358350951803 55.65794962093013),12.60935835,55.65794962
stednavn_punkt.fid-361ad8c1_150a94a2aab_-7f9,27,Børnekulturhus Amar',18147,"Medborger-, Kulturhus",POINT (12.609796103755324 55.65782747851631),12.6097961,55.65782748
stednavn_punkt.fid-361ad8c1_150a94a2aab_-7f8,0,Nikolaj Kunsthal,18148,"Museum, Udstilling",POINT (12.581474418386874 55.678790927330944),12.58147442,55.67879093
stednavn_punkt.fid-361ad8c1_150a94a2aab_-7f7,1,Købehavns Stadsarkiv,18148,"Museum, Udstilling",POINT (12.569577674965068 55.67562753235746),12.56957767,55.67562753
stednavn_punkt.fid-361ad8c1_150a94a2aab_-7f6,2,Thorvaldsens Museum,18148,"Museum, Udstilling",POINT (12.578283111249261 55.676532830461234),12.57828311,55.67653283
stednavn_punkt.fid-361ad8c1_150a94a2aab_-7f5,3,Københavns Museum,18148,"Museum, Udstilling",POINT (12.55304193258035 55.67245240301635),12.55304193,55.6724524
stednavn_punkt.fid-361ad8c1_150a94a2aab_-7f4,0,Valby Vandkulturhus,17237,Svømmehal/Bad,MULTIPOINT ((12.515266883349383 55.64897591363164)),12.51526688,55.64897591
stednavn_punkt.fid-361ad8c1_150a94a2aab_-7f3,1,Havnebadet Sluseholmen,17237,Svømmehal/Bad,MULTIPOINT ((12.553926127573828 55.646364577541284)),12.55392613,55.64636458
stednavn_punkt.fid-361ad8c1_150a94a2aab_-7f2,2,Bavnehøj Friluftsbad,17237,Svømmehal/Bad,MULTIPOINT ((12.5386058265266 55.65968582053321)),12.53860583,55.65968582
stednavn_punkt.fid-361ad8c1_150a94a2aab_-7f1,3,Havnebadet Fisketorvet,17237,Svømmehal/Bad,MULTIPOINT ((12.565402699902135 55.663461101827856)),12.5654027,55.6634611
stednavn_punkt.fid-361ad8c1_150a94a2aab_-7f0,4,Havnebadet Islands Brygge,17237,Svømmehal/Bad,MULTIPOINT ((12.577869310677192 55.66860888257773)),12.57786931,55.66860888
stednavn_punkt.fid-361ad8c1_150a94a2aab_-7ef,5,Sundby Bad,17237,Svømmehal/Bad,MULTIPOINT ((12.601908818398794 55.64645057655745)),12.60190882,55.64645058
stednavn_punkt.fid-361ad8c1_150a94a2aab_-7ee,6,Helgoland Badeanstalt,17237,Svømmehal/Bad,MULTIPOINT ((12.64003338145373 55.663694179810506)),12.64003338,55.66369418
stednavn_punkt.fid-361ad8c1_150a94a2aab_-7ed,7,Tingbjerg Svømmehal,17237,Svømmehal/Bad,MULTIPOINT ((12.484466744519672 55.7190873971022)),12.48446674,55.7190874
stednavn_punkt.fid-361ad8c1_150a94a2aab_-7ec,8,Bellahøj Friluftsbad,17237,Svømmehal/Bad,MULTIPOINT ((12.514314523455413 55.70604126223107)),12.51431452,55.70604126
stednavn_punkt.fid-361ad8c1_150a94a2aab_-7eb,9,Bellahøj Svømmestadion,17237,Svømmehal/Bad,MULTIPOINT ((12.514314523455413 55.70604126223107)),12.51431452,55.70604126
stednavn_punkt.fid-361ad8c1_150a94a2aab_-7ea,10,Øbro-Hallen,17237,Svømmehal/Bad,MULTIPOINT ((12.576293022867121 55.70475643400615)),12.57629302,55.70475643
stednavn_punkt.fid-361ad8c1_150a94a2aab_-7e9,11,Svanemøllestranden,17237,Svømmehal/Bad,MULTIPOINT ((12.58330530184618 55.72050044648887)),12.5833053,55.72050045
stednavn_punkt.fid-361ad8c1_150a94a2aab_-7e8,12,Emdrup Bad,17237,Svømmehal/Bad,MULTIPOINT ((12.547187002484652 55.71834207367829)),12.547187,55.71834207
stednavn_punkt.fid-361ad8c1_150a94a2aab_-7e7,13,Vesterbro Svømmehal,17237,Svømmehal/Bad,MULTIPOINT ((12.538757375947688 55.664562258068536)),12.53875738,55.66456226
stednavn_punkt.fid-361ad8c1_150a94a2aab_-7e6,14,Frankrigsgade Svømmehal,17237,Svømmehal/Bad,MULTIPOINT ((12.609794635865047 55.66289894297421)),12.60979464,55.66289894
stednavn_punkt.fid-361ad8c1_150a94a2aab_-7e5,15,Amager Strandpark,17237,Svømmehal/Bad,MULTIPOINT ((12.64922257742978 55.65454851341293)),12.64922258,55.65454851
stednavn_punkt.fid-361ad8c1_150a94a2aab_-7e4,16,Hillerødgade Bad og Hal,17237,Svømmehal/Bad,MULTIPOINT ((12.539571087023372 55.696709806374244)),12.53957109,55.69670981
stednavn_punkt.fid-361ad8c1_150a94a2aab_-7e3,1,Vanløse,19130,Station/Metro,POINT (12.491907379014119 55.68728788320024),12.49190738,55.68728788
stednavn_punkt.fid-361ad8c1_150a94a2aab_-7e2,2,Femøren,19130,Station/Metro,POINT (12.638255680353023 55.64528535047976),12.63825568,55.64528535
stednavn_punkt.fid-361ad8c1_150a94a2aab_-7e1,3,Amager Strand,19130,Station/Metro,POINT (12.631889900698601 55.65606516201953),12.6318899,55.65606516
stednavn_punkt.fid-361ad8c1_150a94a2aab_-7e0,4,Øresund,19130,Station/Metro,POINT (12.628732675353522 55.66144562370018),12.62873268,55.66144562
stednavn_punkt.fid-361ad8c1_150a94a2aab_-7df,5,Lergravsparken,19130,Station/Metro,POINT (12.617021454946313 55.66226966399527),12.61702145,55.66226966
stednavn_punkt.fid-361ad8c1_150a94a2aab_-7de,6,Amagerbro,19130,Station/Metro,POINT (12.602894848018204 55.66338463587162),12.60289485,55.66338464
stednavn_punkt.fid-361ad8c1_150a94a2aab_-7dd,7,Christianshavn,19130,Station/Metro,POINT (12.591313426197745 55.67214199228414),12.59131343,55.67214199
stednavn_punkt.fid-361ad8c1_150a94a2aab_-7dc,8,Kongens Nytorv,19130,Station/Metro,POINT (12.58517767546056 55.67926647231415),12.58517768,55.67926647
stednavn_punkt.fid-361ad8c1_150a94a2aab_-7db,9,Nørreport,19130,Station/Metro,POINT (12.571519041955515 55.68370839910746),12.57151904,55.6837084
stednavn_punkt.fid-361ad8c1_150a94a2aab_-7da,10,Islands Brygge,19130,Station/Metro,POINT (12.585310049359089 55.66354758335726),12.58531005,55.66354758
stednavn_punkt.fid-361ad8c1_150a94a2aab_-7d9,11,DR Byen (Universitetet),19130,Station/Metro,POINT (12.588993504037028 55.6557657280437),12.5889935,55.65576573
stednavn_punkt.fid-361ad8c1_150a94a2aab_-7d8,12,Sundby,19130,Station/Metro,POINT (12.585743984257011 55.64520259271433),12.58574398,55.64520259
stednavn_punkt.fid-361ad8c1_150a94a2aab_-7d7,13,Bella Center,19130,Station/Metro,POINT (12.58291790188751 55.63808144159164),12.5829179,55.63808144
stednavn_punkt.fid-361ad8c1_150a94a2aab_-7d6,14,Ørestad,19130,Station/Metro,POINT (12.579242054680918 55.628714222686526),12.57924205,55.62871422
stednavn_punkt.fid-361ad8c1_150a94a2aab_-7d5,15,Vestamager,19130,Station/Metro,POINT (12.575573476907428 55.619363794531594),12.57557348,55.61936379
stednavn_punkt.fid-361ad8c1_150a94a2aab_-7d4,16,Langgade,19130,Station/Metro,POINT (12.503985639108704 55.66718308046223),12.50398564,55.66718308
stednavn_punkt.fid-361ad8c1_150a94a2aab_-7d3,17,KB Hallen,19130,Station/Metro,POINT (12.492160770691216 55.67791235316916),12.49216077,55.67791235
stednavn_punkt.fid-361ad8c1_150a94a2aab_-7d2,18,Ålholm,19130,Station/Metro,POINT (12.493009725526036 55.67216353996209),12.49300973,55.67216354
stednavn_punkt.fid-361ad8c1_150a94a2aab_-7d1,19,Danshøj,19130,Station/Metro,POINT (12.493651325761173 55.66457966805541),12.49365133,55.66457967
stednavn_punkt.fid-361ad8c1_150a94a2aab_-7d0,20,Vigerslev Allé,19130,Station/Metro,POINT (12.499082899528844 55.65973381653242),12.4990829,55.65973382
stednavn_punkt.fid-361ad8c1_150a94a2aab_-7cf,21,Ny Ellebjerg,19130,Station/Metro,POINT (12.517140163356315 55.652312421286304),12.51714016,55.65231242
stednavn_punkt.fid-361ad8c1_150a94a2aab_-7ce,22,Københavns Hovedbanegård,19130,Station/Metro,POINT (12.56447400285928 55.67282777792315),12.564474,55.67282778
stednavn_punkt.fid-361ad8c1_150a94a2aab_-7cd,23,Vesterport,19130,Station/Metro,POINT (12.56236694495368 55.675915810008554),12.56236694,55.67591581
stednavn_punkt.fid-361ad8c1_150a94a2aab_-7cc,24,Nørreport,19130,Station/Metro,POINT (12.571624920196074 55.68330610600563),12.57162492,55.68330611
stednavn_punkt.fid-361ad8c1_150a94a2aab_-7cb,25,Østerport,19130,Station/Metro,POINT (12.586985436303522 55.69266441199687),12.58698544,55.69266441
stednavn_punkt.fid-361ad8c1_150a94a2aab_-7ca,26,Valby,19130,Station/Metro,POINT (12.513951781588252 55.66380658705647),12.51395178,55.66380659
stednavn_punkt.fid-361ad8c1_150a94a2aab_-7c9,27,Dybbølsbro,19130,Station/Metro,POINT (12.559671180223292 55.66497596106513),12.55967118,55.66497596
stednavn_punkt.fid-361ad8c1_150a94a2aab_-7c8,28,Vanløse,19130,Station/Metro,POINT (12.490777163002031 55.687239555215825),12.49077716,55.68723956
stednavn_punkt.fid-361ad8c1_150a94a2aab_-7c7,29,Nordhavn,19130,Station/Metro,POINT (12.59110581759976 55.70470093422172),12.59110582,55.70470093
stednavn_punkt.fid-361ad8c1_150a94a2aab_-7c6,30,Ryparken,19130,Station/Metro,POINT (12.559322340388302 55.715246484272505),12.55932234,55.71524648
stednavn_punkt.fid-361ad8c1_150a94a2aab_-7c5,31,Emdrup,19130,Station/Metro,POINT (12.541432309511189 55.71996852645242),12.54143231,55.71996853
stednavn_punkt.fid-361ad8c1_150a94a2aab_-7c4,32,Bispebjerg,19130,Station/Metro,POINT (12.541397133009148 55.70624425980155),12.54139713,55.70624426
stednavn_punkt.fid-361ad8c1_150a94a2aab_-7c3,33,Sjælør,19130,Station/Metro,POINT (12.526843417128287 55.65160991658146),12.52684342,55.65160992
stednavn_punkt.fid-361ad8c1_150a94a2aab_-7c2,34,Sydhavn,19130,Station/Metro,POINT (12.537151111009956 55.654359325182085),12.53715111,55.65435933
stednavn_punkt.fid-361ad8c1_150a94a2aab_-7c1,35,Enghave,19130,Station/Metro,POINT (12.539718327041298 55.66312348549086),12.53971833,55.66312349
stednavn_punkt.fid-361ad8c1_150a94a2aab_-7c0,36,Nørrebro,19130,Station/Metro,POINT (12.537567648174145 55.70053640363918),12.53756765,55.7005364
stednavn_punkt.fid-361ad8c1_150a94a2aab_-7bf,37,Grøndal,19130,Station/Metro,POINT (12.515410203139574 55.69060911022438),12.5154102,55.69060911
stednavn_punkt.fid-361ad8c1_150a94a2aab_-7be,38,Jyllingevej,19130,Station/Metro,POINT (12.477272540542272 55.690567117472895),12.47727254,55.69056712
stednavn_punkt.fid-361ad8c1_150a94a2aab_-7bd,39,Islev,19130,Station/Metro,POINT (12.468948856556219 55.699398594015484),12.46894886,55.69939859
stednavn_punkt.fid-361ad8c1_150a94a2aab_-7bc,40,Husum,19130,Station/Metro,POINT (12.463563449187623 55.70972128669046),12.46356345,55.70972129
stednavn_punkt.fid-361ad8c1_150a94a2aab_-7bb,41,Hellerup,19130,Station/Metro,POINT (12.566591784094207 55.731415247622394),12.56659178,55.73141525
stednavn_punkt.fid-361ad8c1_150a94a2aab_-7ba,42,Svanemøllen,19130,Station/Metro,POINT (12.578137965246496 55.715698486630714),12.57813797,55.71569849
stednavn_punkt.fid-361ad8c1_150a94a2aab_-7b9,43,Forum,19130,Station/Metro,POINT (12.552502528319485 55.68183658102229),12.55250253,55.68183658
stednavn_punkt.fid-361ad8c1_150a94a2aab_-7b8,44,Frederiksberg,19130,Station/Metro,POINT (12.531254297000974 55.68124300422948),12.5312543,55.681243
stednavn_punkt.fid-361ad8c1_150a94a2aab_-7b7,45,Fasanvej (Solbjerg),19130,Station/Metro,POINT (12.523531413011062 55.68161867111091),12.52353141,55.68161867
stednavn_punkt.fid-361ad8c1_150a94a2aab_-7b6,46,Lindevang,19130,Station/Metro,POINT (12.513337030500862 55.68339344818599),12.51333703,55.68339345
stednavn_punkt.fid-361ad8c1_150a94a2aab_-7b5,47,Flintholm,19130,Station/Metro,POINT (12.499646450888052 55.68592249094199),12.49964645,55.68592249
stednavn_punkt.fid-361ad8c1_150a94a2aab_-7b4,48,Peter Bangs Vej,19130,Station/Metro,POINT (12.503343020635267 55.67817189737545),12.50334302,55.6781719
stednavn_punkt.fid-361ad8c1_150a94a2aab_-7b3,49,Flintholm,19130,Station/Metro,POINT (12.498358619148766 55.68532663348152),12.49835862,55.68532663
stednavn_punkt.fid-361ad8c1_150a94a2aab_-7b2,50,Fuglebakken,19130,Station/Metro,POINT (12.526992048800484 55.695357790993945),12.52699205,55.69535779
stednavn_punkt.fid-361ad8c1_150a94a2aab_-7b1,51,Hvidovre,19130,Station/Metro,POINT (12.47451627991452 55.66443747336565),12.47451628,55.66443747
stednavn_punkt.fid-361ad8c1_150a94a2aab_-7b0,52,Avedøre,19130,Station/Metro,POINT (12.456306836488515 55.625823170306084),12.45630684,55.62582317
stednavn_punkt.fid-361ad8c1_150a94a2aab_-7af,53,Friheden,19130,Station/Metro,POINT (12.482109730163748 55.629142659275466),12.48210973,55.62914266
stednavn_punkt.fid-361ad8c1_150a94a2aab_-7ae,54,Åmarken,19130,Station/Metro,POINT (12.499902223822332 55.63982705636668),12.49990222,55.63982706
stednavn_punkt.fid-361ad8c1_150a94a2aab_-7ad,55,Rødovre,19130,Station/Metro,POINT (12.459453513287263 55.664694113759886),12.45945351,55.66469411
stednavn_punkt.fid-361ad8c1_150a94a2aab_-7ac,56,Kastrup,19130,Station/Metro,POINT (12.646822177590394 55.635821860424315),12.64682218,55.63582186
stednavn_punkt.fid-361ad8c1_150a94a2aab_-7ab,57,Lufthavnen,19130,Station/Metro,POINT (12.649389204598918 55.63052706249855),12.6493892,55.63052706